{
	"pages": [ //pages数组中第一项表示应用启动页，参考：https://uniapp.dcloud.io/collocation/pages
		{
			"path": "pages/index/index",
			"style": {
				"navigationBarTitleText": "图片裁剪插件示例"
			}
		}, {
			"path": "pages/demo/base",
			"style": {
				"navigationBarTitleText": "基本示例",
				"enablePullDownRefresh": false,
				"disableScroll": true
			}
		}, {
			"path": "pages/demo/size",
			"style": {
				"navigationBarTitleText": "自定义尺寸(1600x900)",
				"enablePullDownRefresh": false,
				"disableScroll": true
			}

		}, {
			"path": "pages/demo/circle",
			"style": {
				"navigationBarTitleText": "圆形头像裁剪",
				"enablePullDownRefresh": false,
				"disableScroll": true
			}

		}, {
			"path": "pages/demo/round",
			"style": {
				"navigationBarTitleText": "圆角矩形",
				"enablePullDownRefresh": false,
				"disableScroll": true
			}

		}, {
			"path": "pages/demo/bounce",
			"style": {
				"navigationBarTitleText": "无回弹效果 / 不可超出边界",
				"enablePullDownRefresh": false,
				"disableScroll": true
			}

		}, {
			"path": "pages/demo/style",
			"style": {
				"navigationBarTitleText": "无参考线 && 无边框",
				"enablePullDownRefresh": false,
				"disableScroll": true
			}

		}, {
			"path": "pages/demo/angle",
			"style": {
				"navigationBarTitleText": "禁止拉伸裁剪框 + 禁止翻转图片",
				"enablePullDownRefresh": false,
				"disableScroll": true
			}

		}, {
			"path": "pages/demo/src",
			"style": {
				"navigationBarTitleText": "展示默认图片 + 不允许从本地选择图片",
				"enablePullDownRefresh": false,
				"disableScroll": true
			}

		}
	],
	"globalStyle": {
		"navigationBarTextStyle": "black",
		"navigationBarTitleText": "图片裁剪插件示例项目",
		"navigationBarBackgroundColor": "#F8F8F8",
		"backgroundColor": "#F8F8F8"
	},
	"uniIdRouter": {}
}
